{"cameraMode":{"drawMode":0,"name":"Shaded","section":"Shading Mode"},"sceneLighting":true,"audioPlay":false,"sceneViewState":{"showFog":true,"showMaterialUpdate":true,"showSkybox":false,"showFlares":true,"showImageEffects":true,"showParticleSystems":true},"in2DMode":false,"pivot":{"x":-14.361124038696289,"y":-12.010448455810547,"z":-9.496810913085938},"rotation":{"x":0.24504710733890534,"y":-0.3319375813007355,"z":0.0897047221660614,"w":0.9065155982971191},"size":38.74947738647461,"orthographic":false}