{"cameraMode":{"drawMode":0,"name":"Shaded","section":"Shading Mode"},"sceneLighting":true,"audioPlay":false,"sceneViewState":{"showFog":false,"showMaterialUpdate":false,"showSkybox":false,"showFlares":false,"showImageEffects":false,"showParticleSystems":false},"in2DMode":false,"pivot":{"x":7.6025390625,"y":6.006217956542969,"z":5.9390869140625},"rotation":{"x":0.0675591230392456,"y":-0.8777052760124207,"z":0.12996028363704682,"w":0.456271767616272},"size":8.01546859741211,"orthographic":true}